{"cameraMode":{"drawMode":0,"name":"Shaded","section":"Shading Mode"},"sceneLighting":true,"audioPlay":false,"sceneViewState":{"showFog":true,"showMaterialUpdate":false,"showSkybox":true,"showFlares":true,"showImageEffects":true,"showParticleSystems":true},"in2DMode":false,"pivot":{"x":-1.1362037658691407,"y":2.4600000381469728,"z":3.6206116676330568},"rotation":{"x":-0.12252142280340195,"y":0.8109265565872192,"z":-0.1833065003156662,"w":-0.5420202016830444},"size":12.389026641845704,"orthographic":false}